{"stats":{"minecraft:custom":{"minecraft:time_since_rest":12474,"minecraft:sprint_one_cm":17845,"minecraft:damage_taken":150,"minecraft:walk_one_cm":23038,"minecraft:mob_kills":8,"minecraft:drop":2,"minecraft:damage_dealt":1316,"minecraft:swim_one_cm":14020,"minecraft:interact_with_crafting_table":1,"minecraft:fly_one_cm":23263,"minecraft:crouch_one_cm":1045,"minecraft:play_time":12474,"minecraft:sneak_time":281,"minecraft:walk_under_water_one_cm":5675,"minecraft:jump":113,"minecraft:leave_game":1,"minecraft:walk_on_water_one_cm":5385,"minecraft:time_since_death":12474,"minecraft:total_world_time":12474,"minecraft:fall_one_cm":1370},"minecraft:picked_up":{"minecraft:crafting_table":1,"minecraft:salmon":1,"minecraft:acacia_log":1,"minecraft:porkchop":10,"minecraft:oak_log":1,"minecraft:dirt":19,"minecraft:rotten_flesh":3,"minecraft:wheat_seeds":4},"minecraft:killed":{"minecraft:zombie":3,"minecraft:pig":4,"minecraft:salmon":1},"minecraft:used":{"minecraft:rotten_flesh":1,"minecraft:wooden_sword":32,"minecraft:dirt":2,"minecraft:crafting_table":1,"minecraft:porkchop":5},"minecraft:mined":{"minecraft:crafting_table":1,"minecraft:grass":30,"minecraft:acacia_log":1,"minecraft:grass_block":1,"minecraft:oak_log":1,"minecraft:dirt":1,"minecraft:tall_grass":3},"minecraft:crafted":{"minecraft:wooden_sword":1,"minecraft:oak_planks":2,"minecraft:crafting_table":1,"minecraft:stick":4,"minecraft:acacia_planks":4},"minecraft:dropped":{"minecraft:wheat_seeds":2}},"DataVersion":3218}